step,fid,kid
10000,378.7477722167969,0.5937421321868896
