{"epoch": 31, "loss": 0.3899635672569275, "lr": 0.0001, "ema_decay": 0.9767502161599569, "_timestamp": 1678280366.693086, "demo_grid": {"_type": "image-file", "sha256": "9bb76877734cd006a33da6688d0e09c1b7eed6ccec9b27dddc2b378fe2c19851", "size": 197167, "path": "media/images/demo_grid_0_9bb76877734cd006a33d.png", "format": "png", "width": 256, "height": 256}, "_runtime": 267.6422438621521, "_step": 281, "_wandb": {"runtime": 268}}